FirstName,LastName,DateOfBirth,Salary,YearsOfService
Genvieve,Blakesley,6/20/2003,9933,14
Darlene,Aubrey,12/13/1998,6166,5
Gretel,Hearon,1/12/2014,7228,5
Gretta,Haukey,6/9/2004,10309,4
Gerhardt,Rizzini,7/31/1944,16044,12
Anetta,MacKay,8/19/2017,3472,3
Tully,Hellin,10/10/1969,17880,8
Aguste,Muge,9/23/1989,4893,9
Rourke,Morant,11/12/1970,16779,10
Tanhya,Pietri,6/29/1957,11458,8
Mufi,Balassi,2/10/1993,5173,0
Nonah,Cavalier,3/4/1970,21185,3
Murry,Klulik,9/8/1981,17113,0
Kaylil,Soeiro,10/26/1981,7562,7
Arne,Ravillas,2/23/1968,6753,1
Veronika,Marland,5/24/1980,8652,2
Shannon,Shallcroff,6/22/1984,17227,13
Mindy,Beche,3/12/1995,6112,14
Aliza,Gardner,8/21/1986,21387,3
Karena,Showering,5/23/1988,20583,6
Percival,Guerreru,5/8/2006,8703,11
Doralynn,Coskerry,3/4/2003,8492,7
Camilla,Posselwhite,1/7/2010,12726,12
Bernie,Loddon,4/11/1995,8853,4
Dewie,Aronson,2/10/1995,6296,12
Hedvig,Malsher,3/11/1996,20345,5
Mallorie,Lempenny,2/10/1981,14819,11
Celle,O'Clery,4/1/1998,12337,2
Annie,Remmer,5/12/1962,7770,7
Constantia,Estabrook,6/28/1953,18605,5
Noach,Lindenfeld,7/13/1969,7778,14
Geraldine,Robeiro,12/1/1972,6778,5
Neala,Walford,12/25/1988,16779,1
Rowan,Yarnall,11/24/1966,6978,10
Milli,Lount,11/28/1988,14845,12
Barnie,Manilove,10/19/1974,21847,8
Shanta,Itzkovwitch,12/14/1957,20493,11
Harmony,Twede,12/3/1973,13750,1
Nobie,Malone,5/2/1970,6185,9
Elisabeth,Bearman,1/10/1994,13118,3
Rolfe,Jurzyk,7/18/1951,15043,7
Caitlin,Rotherforth,3/21/1996,4837,8
Hanna,Konmann,7/14/1990,17426,4
Amabel,Hattoe,12/14/2002,17336,3
Alameda,Deave,5/7/1967,6630,3
Revkah,Barten,6/14/1960,6080,8
Travers,Dyet,6/1/1988,15305,2
Allayne,Thacke,11/24/2015,21415,11
Anne-marie,Zarfai,8/24/1982,5644,1
Flo,Philpot,12/20/1982,7039,7
Crystal,Rubenfeld,12/16/1996,18325,0
Field,Andreuzzi,6/6/1981,9359,9
Florette,Edinburgh,2/13/2005,12030,6
Katherine,Rodenhurst,9/11/1973,8090,2
Leodora,Bax,12/26/1979,21276,1
Reynold,Jovicic,8/24/2000,16826,12
Yasmeen,Vakhrushin,4/27/1993,6555,4
Helen,Dubois,12/30/1953,7965,10
Kimberly,Poluzzi,9/5/1977,9877,6
Cordie,Bruyet,6/5/1993,13854,5
Lisa,Bilsford,4/9/1954,11221,2
Obadiah,Frantzeni,11/2/1948,8001,12
Paige,Meryett,2/7/1979,7923,3
Dorena,Fominov,1/18/1980,3971,9
Meade,Stockings,1/23/1978,3822,0
Brad,Varley,2/9/1995,4319,7
Anthia,Joisce,9/2/1974,11224,9
Chauncey,Peattie,9/9/1990,5640,8
Fancy,Formoy,4/5/1973,4855,7
Abbott,Fehely,6/14/2002,8551,3
